<graph id="SubsetandReprojectGraph">
  <version>1.0</version>

  <node id="subset">
    <operator>Subset</operator>
    <sources>
      <source>${sourceProducts}</source>
    </sources>
<parameters>
<geoRegion>POLYGON((29 36, 29 37, 30 37, 30  36, 29 36))</geoRegion>
</parameters>
  </node>

  <node id="reproject">
    <operator>Reproject</operator>
    <sources>
      <source refid="subset"/>
    </sources>
<parameters>
    <wktFile/>
    <crs>GEOGCS["WGS84(DD)", 
      DATUM["WGS84", 
        SPHEROID["WGS84", 6378137.0, 298.257223563]], 
      PRIMEM["Greenwich", 0.0], 
      UNIT["degree", 0.017453292519943295], 
      AXIS["Geodetic longitude", EAST], 
      AXIS["Geodetic latitude", NORTH]]</crs>
    <resampling>Nearest</resampling>
    <referencePixelX/>
    <referencePixelY/>
    <easting/>
    <northing/>
    <orientation/>
    <pixelSizeX/>
    <pixelSizeY/>
    <width/>
    <height/>
    <tileSizeX/>
    <tileSizeY/>
    <orthorectify>false</orthorectify>
    <elevationModelName/>
    <noDataValue>NaN</noDataValue>
    <includeTiePointGrids>true</includeTiePointGrids>
    <addDeltaBands>false</addDeltaBands>
</parameters>
  </node>


</graph>
