<?xml version="1.0" encoding="UTF-8"?>
<ceos version="1.0" mission="radarsat">
	<rec name="skip" type="0" num="8"/>
	<rec name="Record Length" type="4" num="1"/>	
	
	<rec name="SAR image data line number" type="4" num="1"/>
	<rec name="SAR image data record index" type="4" num="1"/>
	<rec name="Actual count of left-fill pixels" type="4" num="1"/>
	<rec name="Actual count of data pixels" type="4" num="1"/>
	<rec name="Actual count of right-fill pixels" type="4" num="1"/>
	<rec name="Sensor parameters update flag" type="4" num="1"/>
	<rec name="Sensor acquisition year" type="4" num="1"/>
	<rec name="Sensor acquisition day of year" type="4" num="1"/>
	<rec name="Sensor acquisition milliseconds of day" type="4" num="1"/>
	<rec name="SAR channel indicator" type="6" num="1"/>
	<rec name="SAR channel code" type="6" num="1"/>
	<rec name="Transmitted polarization" type="6" num="1"/>
	<rec name="Received polarization" type="6" num="1"/>
        <rec name="PRF" type="4" num="1"/>
        <rec name="Scan ID" type="4" num="1"/>
	<rec name="On board range compressed flag" type="6" num="1"/>
        <rec name="Chirp type designator" type="6" num="1"/>
        <rec name="Chirp length in nsec" type="4" num="1"/>
        <rec name="Chirp constant coefficient" type="4" num="1"/>
        <rec name="Chirp linear coefficient" type="4" num="1"/>
        <rec name="Chirp quadratic coefficient" type="4" num="1"/>
        <rec name="skipBytes" type="0" num="8"/>
        <rec name="Receiver gain" type="4" num="1"/>
        <rec name="Invalid line flag" type="4" num="1"/>
        <rec name="Electronic elevation angle at nadir" type="4" num="1"/>
        <rec name="Mechanical elevation angle at nadir" type="4" num="1"/>
        <rec name="Electronic antenna squint angle" type="4" num="1"/>
        <rec name="Mechanical antenna squint angle" type="4" num="1"/>
        <rec name="Slant range to 1st data sample" type="4" num="1"/>
        <rec name="Data record window position" type="4" num="1"/>
        <rec name="skipBytes" type="0" num="68"/>

        <rec name="Latitude of first pixel" type="4" num="1"/>
        <rec name="Latitude of center pixel" type="4" num="1"/>
        <rec name="Latitude of last pixel" type="4" num="1"/>
        <rec name="Longitude of first pixel" type="4" num="1"/>
        <rec name="Longitude of center pixel" type="4" num="1"/>
        <rec name="Longitude of last pixel" type="4" num="1"/>

        <rec name="skipBytes" type="0" num="196"/>
</ceos>
