<?xml version="1.0" encoding="UTF-8"?>
<ceos version="1.0" mission="risat">
	<rec name="Record Number" type="4" num="1"/>
	<rec name="First Record Subtype" type="3" num="1"/>
	<rec name="Record Type Code" type="3" num="1"/>
	<rec name="Second Record Subtype" type="3" num="1"/>
	<rec name="Third Record Subtype" type="3" num="1"/>
	<rec name="Record Length" type="4" num="1"/>
	
	<rec name="Data summary quality record sequence number" type="2" num="4"/>
    <rec name="SAR channel indicator" type="1" num="4"/>
    <rec name="Date of the last calibration update" type="1" num="6"/>
    <rec name="Number of channels" type="2" num="4"/>
    <rec name="Nominal ISLR in dB" type="5" num="16"/>
    <rec name="Nominal PSLR in dB" type="5" num="16"/>
    <rec name="skipBytes" type="0" num="64"/>
    <rec name="Nominal Slant Range Resolution" type="5" num="16"/>
    <rec name="Nominal Azimuth Resolution" type="5" num="16"/>
    <rec name="Nominal Radiometric Resolution" type="5" num="16"/>
    <rec name="skipBytes" type="0" num="1168"/>
    <rec name="Nominal Noise Eqv. Sigma zero in dB" type="5" num="16"/>
    <rec name="Nominal Eff. Number of Looks" type="5" num="16"/>
    <rec name="skipBytes" type="0" num="246"/>
	
	<!-- ... -->
</ceos>
