<?xml version="1.0" encoding="UTF-8"?>
<ceos version="1.0" mission="risat">
	<rec name="Record Number" type="4" num="1"/>
	<rec name="First Record Subtype" type="3" num="1"/>
	<rec name="Record Type Code" type="3" num="1"/>
	<rec name="Second Record Subtype" type="3" num="1"/>
	<rec name="Third Record Subtype" type="3" num="1"/>
	<rec name="Record Length" type="4" num="1"/>

	<rec name="Record sequence indicator" type="2" num="4"/>
	<rec name="SAR channel indicator" type="2" num="4"/>
	<rec name="Number of data sets" type="2" num="8"/>
    <rec name="Compensation data set size" type="2" num="8"/>
    <rec name="Compensation data designator" type="1" num="8"/>
	<rec name="Compensation data descriptor" type="1" num="32"/>	
	<rec name="Number of compensation records" type="2" num="4"/>
	
</ceos>
