<?xml version="1.0" encoding="UTF-8"?>
<ceos version="1.0" mission="alos">
	<!--rec name="skipBytes" type="0" num="8"/-->
	<rec name="Record Number" type="4" num="1"/>
	<rec name="First Record Subtype" type="3" num="1"/>
	<rec name="Record Type Code" type="3" num="1"/>
	<rec name="Second Record Subtype" type="3" num="1"/>
	<rec name="Third Record Subtype" type="3" num="1"/>
	<rec name="Record Length" type="4" num="1"/>
        <rec name="Facility Related Data Record sequence number" type="1" num="4"/>
        <struct nloop="10" name="ENtopixel">
            <rec name="coeff" type="5" num="20"/>
        </struct>
        <struct nloop="10" name="ENtoline">
            <rec name="coeff" type="5" num="20"/>
        </struct>
        <rec name="Calibration mode data location flag" type="1" num="4"/>
        <rec name="skipBytes" type="0" num="604"/>
        <struct nloop="25" name="LPtolatitude">
            <rec name="coeff" type="5" num="20"/>
        </struct>
        <struct nloop="25" name="LPtolongitude">
            <rec name="coeff" type="5" num="20"/>
        </struct>
        <rec name="Origin Pixel" type="5" num="20"/>
        <rec name="Origin Line" type="5" num="20"/>
        <struct nloop="25" name="LLtopixel">
            <rec name="coeff" type="5" num="20"/>
        </struct>
        <struct nloop="25" name="LLtoline">
            <rec name="coeff" type="5" num="20"/>
        </struct>
        <rec name="Origin Latitude" type="5" num="20"/>
        <rec name="Origin Longitude" type="5" num="20"/>
	
</ceos>
