<?xml version="1.0" encoding="UTF-8"?>
<ceos version="1.0" mission="alos">
	<rec name="skipBytes" type="0" num="8"/> <!-- skip header -->
	<!--rec name="Record Number" type="4" num="1"/>
	<rec name="First Record Subtype" type="3" num="1"/>
	<rec name="Record Type Code" type="3" num="1"/>
	<rec name="Second Record Subtype" type="3" num="1"/>
	<rec name="Third Record Subtype" type="3" num="1"/-->
	<rec name="Record Length" type="4" num="1"/>
	
	<rec name="Data summary quality record sequence number" type="2" num="4"/>
    <rec name="SAR channel indicator" type="1" num="4"/>
    <rec name="Date of the last calibration update" type="1" num="6"/>
	
	<!-- ... -->
</ceos>